time,rating
0.0,100.0
0.23,100.0
0.46,100.0
0.69,100.0
0.92,100.0
1.15,100.0
1.38,100.0
1.61,100.0
1.84,100.0
2.07,100.0
2.3,100.0
2.53,100.0
2.76,100.0
2.99,100.0
3.22,100.0
3.45,100.0
3.68,100.0
3.91,100.0
4.14,100.0
4.37,100.0
4.6,100.0
4.83,100.0
5.06,69.69696969696967
5.29,34.84848484848477
5.52,0.0
5.75,0.0
5.98,0.0
6.21,0.0
6.44,0.0
6.67,0.0
6.9,0.0
7.13,0.0
7.36,0.0
7.59,0.0
7.82,0.0
8.05,0.0
8.28,0.0
8.51,0.0
